hgnc_symbol	uniprot_symbol	nr_of_probes
UBA6	A0AVT1	2
PSMB11	A5LHX3	29
HTR3E	A5X5Y0	277
GABRR3	A8MPY1	7
KDM4E	B2RXH2	41
ADORA2A	C9JQD8	4
DNASE2	O00115	1
SGK1	O00141	116
TK2	O00142	30
LGALS9	O00182	16
TLR4	O00206	62
LGALS8	O00214	3
NDUFS8	O00217	4
TNFRSF10A	O00220	3
GRM8	O00222	27
PSMD11	O00231	29
PSMD12	O00232	29
BMPR1B	O00238	35
MEN1	O00255	105
CBX4	O00257	27
CACNB4	O00305	1
CDC7	O00311	459
PIK3CD	O00329	1966
SLC28A1	O00337	2
P2RY10	O00398	51
SLC33A1	O00400	144
PDE2A	O00408	536
EEF2K	O00418	40
PIK3C2A	O00443	14
PLK4	O00444	137
PIK3R2	O00459	15
MANBA	O00462	1
NR5A2	O00482	48
NDUFA4	O00483	6
PSMD14	O00487	29
STK25	O00506	21
BCL9	O00512	3
FAAH	O00519	1064
DDX3X	O00571	1
GABRP	O00591	377
PIR	O00625	1
PIK3C2B	O00750	49
MAN2B1	O00754	3
ACACB	O00763	2511
PDXK	O00764	2
SCD	O00767	418
CDK2AP1	O14519	17
NDUFAB1	O14561	4
CIT	O14578	32
DVL1	O14640	1
DVL2	O14641	3
KCNK3	O14649	59
ADAM10	O14672	139
PTGES	O14684	1135
RIOK3	O14730	23
MAP2K7	O14733	30
PRMT5	O14744	456
TERT	O14746	429
CHEK1	O14757	1851
GABRD	O14764	377
NRP1	O14786	28
MSTN	O14793	4
TAAR5	O14804	1
PSMA7	O14818	29
FFAR1	O14842	906
IKBKB	O14920	855
CASK	O14936	12
PLD2	O14939	126
RAB29	O14966	1
SLC27A2	O14975	2
GAK	O14976	88
XPO1	O14980	23
ATP2A1	O14983	4
KDM6B	O15054	47
PER2	O15055	40
DCLK1	O15075	19
CHUK	O15111	293
NPC1	O15118	1
AGPAT2	O15120	102
MUSK	O15146	23
MDM4	O15151	167
TRIM24	O15164	50
GNPAT	O15228	2
KMO	O15229	92
NDUFA1	O15239	4
SLC22A2	O15244	33
SLC22A1	O15245	18
MAPK13	O15264	534
SPTLC1	O15269	1
SPTLC2	O15270	1
OGT	O15294	5
ALOX15B	O15296	6
PPM1D	O15297	5
GRM6	O15303	41
PMM2	O15305	4
INPPL1	O15357	2
HDAC3	O15379	2710
BCAT2	O15382	72
TMPRSS2	O15393	3
GRIN2D	O15399	211
SLC16A3	O15427	9
ABCC3	O15438	1
ABCC4	O15439	8
ABCC5	O15440	3
RGS16	O15492	1
PLA2G10	O15496	62
CYP27B1	O15528	9
PDPK1	O15530	716
KDM6A	O15550	12
FFAR2	O15552	116
KCNN4	O15554	42
PRPF4	O43172	3
CYP26A1	O43174	169
NDUFS4	O43181	4
ADAM12	O43184	5
MLNR	O43193	258
GPR39	O43194	27
PSMD3	O43242	29
TREH	O43280	1
MAP3K13	O43283	19
DAPK3	O43293	60
ADCY6	O43306	35
MAP3K7	O43318	227
RIPK2	O43353	55
MGAM	O43451	100
SUV39H1	O43463	7
CACNA1G	O43497	368
BCL2L11	O43521	21
KCNQ3	O43525	114
KCNQ2	O43526	155
CA12	O43570	2486
DNPH1	O43598	21
GALR2	O43603	83
HCRTR1	O43613	2954
HCRTR2	O43614	3329
NDUFB5	O43674	4
NDUFB3	O43676	4
NDUFC1	O43677	4
NDUFA2	O43678	4
BUB1	O43683	7
PRKAB2	O43741	29
SLC25A20	O43772	1
DYRK3	O43781	19
SLC37A4	O43826	11
AHCYL1	O43865	3
SLC28A2	O43868	24
XPNPEP2	O43895	5
NDUFS5	O43920	4
PDE6D	O43924	137
AKR1B10	O60218	70
TMPRSS11D	O60235	44
KLK8	O60259	7
ADCY3	O60266	35
NUAK1	O60285	41
MAST3	O60307	6
PIP5K1C	O60331	13
KDM1A	O60341	404
PHLPP1	O60346	3
CACNG3	O60359	1
GRIN3B	O60391	207
OGA	O60502	82
ADCY9	O60503	35
NMT2	O60551	39
CCNT1	O60563	676
TLR2	O60603	54
UGT1A9	O60656	1
PDE8A	O60658	42
RAD1	O60671	2
JAK2	O60674	4510
PRMT3	O60678	30
ABCC9	O60706	312
ICMT	O60725	175
PLA2G6	O60733	4
HCN1	O60741	20
GALR3	O60755	39
HPGDS	O60760	166
PFKFB2	O60825	20
CACNA1F	O60840	100
BRD4	O60885	533
RAMP1	O60894	83
RAMP3	O60896	1
SMPD2	O60906	2
CTSV	O60911	132
RNASEH1	O60930	4
AOC2	O75106	4
ROCK2	O75116	1567
KDM4A	O75164	86
ADAMTS4	O75173	247
NDUFS7	O75251	4
NDUFS2	O75306	4
GLRA3	O75311	1
ALOX12B	O75342	1
PTP4A3	O75365	17
NCOR1	O75376	33
NDUFS6	O75380	4
ULK1	O75385	24
CDC45	O75419	1
NDUFB1	O75438	4
ERN1	O75460	169
NR1I2	O75469	203
PSIP1	O75475	6
NDUFS3	O75489	4
CA11	O75493	7
EED	O75530	12
ITGA10	O75578	1
LRP6	O75581	12
RPS6KA5	O75582	88
LYPLA1	O75608	19
RPS6KA4	O75676	17
PPM1B	O75688	10
STK16	O75716	28
PIK3C2G	O75747	16
SLC22A3	O75751	13
TRPA1	O75762	308
IDH1	O75874	47
RBBP9	O75884	7
GABBR2	O75899	35
DGAT1	O75907	858
SOAT2	O75908	109
CCNK	O75909	2
PAK3	O75914	37
BBOX1	O75936	26
CDKL5	O76039	12
PDE5A	O76074	1504
SLC22A5	O76082	1
PDE9A	O76083	379
TRPM2	O94759	4
DDAH1	O94760	12
STK17B	O94768	64
USP1	O94782	77
STK10	O94804	51
PRKD3	O94806	168
TPPP	O94811	2
DKK1	O94907	6
CDK14	O94921	18
GLS	O94925	67
INMT	O95050	15
CCNB2	O95067	394
KCNK2	O95069	11
S1PR2	O95136	138
NDUFB6	O95139	4
NDUFA3	O95167	4
NDUFB4	O95168	4
NDUFB8	O95169	4
NDUFB2	O95178	4
CACNA1H	O95180	228
NDUFA7	O95182	4
KIF20A	O95235	8
ABCC6	O95255	1
PDE8B	O95263	144
HTR3B	O95264	278
RASGRP1	O95267	5
TNKS	O95271	231
NDUFC2	O95298	4
NDUFA10	O95299	4
ABCB11	O95342	16
FARS2	O95363	4
LYPLA2	O95372	20
MAP3K6	O95382	6
RAPGEF3	O95398	11
PSMG1	O95456	1
SGPL1	O95470	28
CBX6	O95503	6
NADK	O95544	2
TDP2	O95551	80
POLR1A	O95602	19
ADCY5	O95622	57
NTSR2	O95665	87
BRD1	O95696	27
OXSR1	O95747	11
GGPS1	O95749	67
MAP4K4	O95819	129
MLYCD	O95822	258
LATS1	O95835	15
GLP2R	O95838	87
FADS2	O95864	1
ABHD16A	O95870	1
CBX7	O95931	47
TGM6	O95932	2
S1PR4	O95977	340
NDUFB10	O96000	4
PAK4	O96013	233
CHEK2	O96017	444
CCNE2	O96020	706
ADH1C	P00326	6
LDHA	P00338	122
ALDH1A1	P00352	37
DHFR	P00374	764
GSR	P00390	27
MT-CO1	P00395	2
MT-CO2	P00403	2
PAH	P00439	1
F8	P00451	9
OTC	P00480	1
PNP	P00491	222
HPRT1	P00492	87
ABL1	P00519	1750
EGFR	P00533	4807
PGK1	P00558	104
F2	P00734	4493
F9	P00740	398
F10	P00742	5458
CFD	P00746	13
PLG	P00747	671
F12	P00748	18
PLAT	P00750	266
CFB	P00751	8
REN	P00797	2780
ADA	P00813	51
CA1	P00915	4213
CA2	P00918	5188
SERPINC1	P01008	6
C3	P01024	28
KNG1	P01042	60
FOS	P01100	44
NRAS	P01111	1
HRAS	P01112	32
KRAS	P01116	1
PDGFB	P01127	1
LDLR	P01130	17
NGF	P01138	1
PDYN	P01213	1
GCG	P01275	114
NPY	P01303	4
TNF	P01375	398
IFNG	P01579	1
IL1B	P01584	7
IL2RA	P01589	1
CD4	P01730	5
MB	P02144	4
CHRNA1	P02708	111
FN1	P02751	4
RBP4	P02753	248
TTR	P02766	49
ALB	P02768	33
PF4	P02776	1
ESR1	P03372	2183
MT-ND1	P03886	4
MT-ND2	P03891	4
MT-ND3	P03897	4
MT-ND4L	P03901	4
MT-ND4	P03905	9
MT-ND5	P03915	4
MT-ND6	P03923	4
F11	P03951	388
MMP1	P03956	2624
VTN	P04004	1
HMGCR	P04035	219
RAF1	P04049	743
DNTT	P04053	6
PLA2G1B	P04054	116
GBA	P04062	268
FUCA1	P04066	65
PROC	P04070	113
PDGFA	P04085	1
NR3C1	P04150	2122
PRNP	P04156	6
LCAT	P04180	4
OAT	P04181	2
TK1	P04183	25
CD74	P04233	37
S100B	P04271	7
SHBG	P04278	88
TUBB4A	P04350	560
GAPDH	P04406	10
HLA-A	P04439	151
ERBB2	P04626	2306
NTRK1	P04629	386
CAPNS1	P04632	80
TP53	P04637	434
AMY1B	P04745	5
AMY2A	P04746	23
HSPB1	P04792	7
CYP1A1	P04798	137
TYMS	P04818	428
CYBB	P04839	19
ATP1A1	P05023	151
ATP1B1	P05026	148
APP	P05067	571
ARG1	P05089	45
ALDH2	P05091	108
CYP17A1	P05093	737
ITGB3	P05106	2292
SERPINE1	P05121	178
PRKCG	P05129	340
MPO	P05164	182
CYP2E1	P05181	31
ALPL	P05186	54
FGF1	P05230	62
ICAM1	P05362	564
JUN	P05412	147
FABP3	P05413	58
ITGB1	P05556	1543
PRKCB	P05771	533
HPN	P05981	91
INSR	P06213	733
LCK	P06239	1500
FYN	P06241	214
BCHE	P06276	1581
GLA	P06280	11
RB1	P06400	3
PGR	P06401	1920
CDK1	P06493	1703
CD2	P06729	2
EIF4E	P06730	20
ENO1	P06733	1
FCER2	P06734	62
PYGL	P06737	461
POLB	P06746	20
NPM1	P06748	35
ITGAV	P06756	1409
LPL	P06858	5
HEXA	P06865	21
KLK1	P06870	113
EPHX1	P07099	235
TH	P07101	3
FABP1	P07148	6
LDHB	P07195	43
TPO	P07202	1
PGK2	P07205	20
P4HB	P07237	33
KLK3	P07288	67
H1F0	P07305	7
ADH1A	P07327	20
FES	P07332	27
CSF1R	P07333	950
CTSD	P07339	1165
ANXA2	P07355	30
CAPN1	P07384	574
TUBB	P07437	560
CA3	P07451	92
PRSS1	P07477	2139
PRSS2	P07478	875
CHRNG	P07510	96
ADRB2	P07550	1576
CTSL	P07711	1319
CTSB	P07858	1057
HSP90AA1	P07900	1399
YES1	P07947	132
LYN	P07948	261
RET	P07949	400
ERCC1	P07992	52
RNASE1	P07998	2
IGF1R	P08069	2156
RHOC	P08134	13
NGFR	P08138	3
GLI1	P08151	11
CHRM2	P08172	1875
CHRM4	P08173	883
ABCB1	P08183	1180
SERPINA6	P08185	23
GUSB	P08236	26
HSP90AB1	P08238	1094
ASNS	P08243	3
ELANE	P08246	1375
MMP2	P08253	3093
MMP3	P08254	1775
GSTA1	P08263	17
CTSG	P08311	155
ADH4	P08319	1
MME	P08473	354
ITGA2B	P08514	1542
PTPRC	P08575	137
MET	P08581	2792
HCK	P08631	370
ITGA5	P08648	240
CYP3A4	P08684	2647
CYP21A2	P08686	17
F7	P08709	791
GNAI3	P08754	6
IGFBP1	P08833	2
STS	P08842	340
HTR1A	P08908	4019
CHRM5	P08912	921
ROS1	P08922	70
FGF2	P09038	103
POU2F2	P09086	1
DBH	P09172	12
GSTA2	P09210	3
GSTP1	P09211	207
MMP7	P09237	489
MMP10	P09238	165
LGALS1	P09382	14
QDPR	P09417	11
FBP1	P09467	359
GNAO1	P09471	7
GSTM1	P09488	3
HMOX1	P09601	2
PDGFRB	P09619	1465
HNRNPA1	P09651	1
CTSH	P09668	32
GIP	P09681	12
FGR	P09769	58
LCT	P09848	1
C1S	P09871	100
PARP1	P09874	1650
POLA1	P09884	31
ALOX5	P09917	1624
ALPI	P09923	6
UCHL1	P09936	17
FURIN	P09958	409
LTA4H	P09960	468
WEE2	P0C1S8	8
SBK3	P0C264	14
PLA2G4B	P0C869	35
PGA5	P0DJD9	28
ADORA3	P0DMS8	3772
TMIGD3	P0DMS9	103
HSPA1A	P0DMV8	19
HSPA1B	P0DMV9	19
CALM1	P0DP23	11
ECE2	P0DPD6	3
GLI2	P10070	5
GZMB	P10144	20
CXCL8	P10145	33
RNASE2	P10153	2
GAA	P10253	23
AR	P10275	1746
RARA	P10276	311
ACR	P10323	45
ARAF	P10398	4
BCL2	P10415	1455
PTPRF	P10586	51
TXN	P10599	11
CTSA	P10619	34
CYP2C8	P10632	94
CYP2D6	P10635	1485
MAPT	P10636	121
TFPI	P10646	773
ALPG	P10696	6
KIT	P10721	1081
THRA	P10827	361
THRB	P10828	498
HSPA5	P11021	15
PNMT	P11086	138
MAP2	P11137	80
HSPA8	P11142	28
LIPC	P11150	5
SLC2A1	P11166	457
SLC2A2	P11168	32
SLC2A3	P11169	49
UMPS	P11172	3
PYGB	P11216	1
PYGM	P11217	99
CHRM1	P11229	2263
CHRNB1	P11230	125
BCR	P11274	374
ERG	P11308	8
FGFR1	P11362	1433
TOP1	P11387	324
TOP2A	P11388	159
G6PD	P11413	18
VDR	P11473	339
ESRRA	P11474	107
CYP19A1	P11511	1781
CETP	P11597	824
CYP2C9	P11712	1307
IGF2R	P11717	7
ADH5	P11766	39
CDK4	P11802	1887
ODC1	P11926	12
PCNA	P12004	20
HARS	P12081	1
F5	P12259	8
IMPDH2	P12268	681
FCGR1A	P12314	4
BMP4	P12644	20
ACE	P12821	564
MLN	P12872	35
SRC	P12931	2434
PEPD	P12955	6
UNG	P13051	2
BMP1	P13497	354
CCL2	P13500	26
CCL5	P13501	30
CFTR	P13569	244
ITGA4	P13612	1429
RARG	P13631	311
ATP1A3	P13637	148
P4HA1	P13674	3
F3	P13726	510
GYS1	P13807	44
SLC5A1	P13866	845
ADRB3	P13945	1655
MTHFD2	P13995	1
HSD3B1	P14060	14
HSD17B1	P14061	384
CTSE	P14091	62
MIF	P14174	154
FOLR2	P14207	13
HGF	P14210	5
PRF1	P14222	156
FDPS	P14324	213
CPM	P14384	1
SI	P14410	49
ATP1B2	P14415	148
DRD2	P14416	6534
AKR1A1	P14550	22
PLA2G2A	P14555	323
INSRR	P14616	19
PKM	P14618	181
HSP90B1	P14625	115
CCNB1	P14635	1005
TYR	P14679	46
IDE	P14735	20
MMP9	P14780	2580
GABRA1	P14867	1173
IDO1	P14902	357
DAO	P14920	295
UQCRB	P14927	5
BRAF	P15056	1686
CPA1	P15085	42
CPB1	P15086	55
CPA3	P15088	3
FABP4	P15090	114
GLUL	P15104	15
AKR1B1	P15121	611
ANPEP	P15144	154
CPN1	P15169	13
B4GALT1	P15291	3
ACPP	P15309	13
EZR	P15311	6
ATP6V1B1	P15313	5
FOLR1	P15328	30
UCHL3	P15374	1
KCNE1	P15382	25
HPGD	P15428	247
VAV1	P15498	1
AREG	P15514	5
CYP11B1	P15538	850
NQO1	P15559	131
VEGFA	P15692	41
PHKG2	P15735	27
TCF4	P15884	7
ST6GAL1	P15907	12
ALOX15	P16050	224
NPR1	P16066	81
NQO2	P16083	234
PFKFB1	P16118	17
CBR1	P16152	11
CREB1	P16220	4
PDGFRA	P16234	581
PPP3CB	P16298	1
KCNA2	P16389	3
DPEP1	P16444	20
PRLR	P16471	2
PDE6A	P16499	136
PCSK2	P16519	5
SELE	P16581	149
FER	P16591	26
UGT2B7	P16662	39
PLCG2	P16885	11
IFNAR1	P17181	1
PRKCA	P17252	1027
NPR3	P17342	27
AKR1C4	P17516	8
CTRB1	P17538	72
NDUFB7	P17568	4
PRKACA	P17612	371
CAPN2	P17655	161
PTPN2	P17706	370
AMD1	P17707	28
TPH1	P17752	147
CHRNB2	P17787	922
XBP1	P17861	3
LGALS3	P17931	44
IGFBP3	P17936	39
FLT1	P17948	1043
PSMC3	P17980	29
PTPN1	P18031	1609
ALOX12	P18054	115
IGFBP2	P18065	2
ITGB5	P18084	274
ADRA2B	P18089	638
SRD5A1	P18405	402
PTPRA	P18433	23
NAT1	P18440	25
GABRB1	P18505	389
GABRG2	P18507	1341
ADCYAP1	P18509	18
PDE6G	P18545	88
ITGB6	P18564	152
PGAM1	P18669	1
ADRA2C	P18825	771
ATF1	P18846	18
LIG1	P18858	109
PAM	P19021	10
CDH2	P19022	1
CYP11B2	P19099	967
PLCG1	P19174	57
EPOR	P19235	7
CD58	P19256	2
VCAM1	P19320	136
HK1	P19367	18
NDUFV2	P19404	4
TNFRSF1A	P19438	92
GGT1	P19440	5
EIF2AK2	P19525	65
SRM	P19623	4
SLC9A1	P19634	235
CSNK2A2	P19784	555
RXRA	P19793	534
AOC1	P19801	19
NFKB1	P19838	173
TYMP	P19971	100
PGC	P20142	34
KLK2	P20151	13
TPSB2	P20231	19
CCNA2	P20248	1660
CD22	P20273	23
ALOX5AP	P20292	2013
CHRM3	P20309	1955
NR1D1	P20393	71
NPR2	P20594	11
PSMB1	P20618	84
ATP4A	P20648	185
ITGAL	P20701	486
MAK	P20794	9
CYP2B6	P20813	53
CYP3A5	P20815	50
MAG	P20916	15
CDK11B	P21127	15
MAOA	P21397	1026
TACR2	P21452	979
S1PR1	P21453	2325
FPR1	P21462	216
CNR1	P21554	4679
NT5E	P21589	16
SAT1	P21673	2
TAF1	P21675	4
EPHA1	P21709	32
DRD1	P21728	973
C5AR1	P21730	247
TBXA2R	P21731	995
MDK	P21741	4
MSR1	P21757	1
FGFR2	P21802	1087
RYR1	P21817	6
ERBB3	P21860	742
DRD5	P21918	251
COMT	P21964	60
TGM2	P21980	299
KCNA3	P22001	502
BMP6	P22004	1
FUT4	P22083	1
GART	P22102	77
ACHE	P22303	3027
SCP2	P22307	1
UGT1A1	P22309	6
UGT1A4	P22310	3
UBA1	P22314	1
ENPP1	P22413	32
FGFR4	P22455	839
KCNA4	P22459	6
KCNA5	P22460	650
FGFR3	P22607	924
PRKACG	P22612	216
IGFBP4	P22692	2
PRKACB	P22694	225
TGM1	P22735	59
NR4A1	P22736	1
CA4	P22748	498
AADAC	P22760	1
FECH	P22830	1
LHCGR	P22888	28
MMP8	P22894	1053
AMPD1	P23109	2
CES1	P23141	242
PTGS1	P23219	764
CA6	P23280	268
PPIB	P23284	33
GLRA1	P23415	25
GLRA2	P23416	7
RPS6KB1	P23443	1226
JAK1	P23458	2888
PTPRB	P23467	129
PTPRG	P23470	16
AHCY	P23526	138
ITPKA	P23677	1
CPT2	P23786	115
DTYMK	P23919	7
RRM1	P23921	68
CMA1	P23946	447
SLC6A2	P23975	2942
GABRR1	P24046	30
PRTN3	P24158	21
MMP11	P24347	5
CCND1	P24385	1152
CRHBP	P24387	5
EDNRB	P24530	879
IGFBP6	P24592	2
IGFBP5	P24593	9
ACP1	P24666	33
PRKCH	P24723	373
DNASE1	P24855	1
CCNC	P24863	166
CCNE1	P24864	1499
CDK2	P24941	3699
HRH2	P25021	327
CXCR1	P25024	253
CXCR2	P25025	886
FPR2	P25090	505
GRK2	P25098	144
ADRA1D	P25100	1633
EDNRA	P25101	1395
TACR1	P25103	2476
PTAFR	P25105	410
ACKR3	P25106	54
F2R	P25116	633
BRD2	P25440	111
CTSS	P25774	2012
PSMA1	P25786	29
PSMA2	P25787	29
PSMA3	P25788	29
PSMA4	P25789	29
LMO2	P25791	1
NPY1R	P25929	757
CD40	P25942	3
NFKBIA	P25963	27
ITGA3	P26006	31
ITGB7	P26010	442
ITGB8	P26012	34
PTPN3	P26045	2
DNMT1	P26358	24
HSD3B2	P26439	1
MGAT1	P26572	6
TARS	P26639	19
VARS	P26640	3
ACVR2A	P27037	7
PON1	P27169	3
MAOB	P27338	1667
YWHAQ	P27348	1
MAPK3	P27361	219
MARK3	P27448	67
DPP4	P27487	3868
ARNT	P27540	19
RPA1	P27694	68
APEX1	P27695	60
DCK	P27707	103
CAD	P27708	6
PDE4A	P27815	2003
PIK3R1	P27986	645
PSMB8	P28062	79
PSMB9	P28065	45
PSMA5	P28066	29
PSMB4	P28070	29
PSMB6	P28072	29
PSMB5	P28074	311
GSTM2	P28161	37
HTR1D	P28221	1306
HTR1B	P28222	1172
HTR2A	P28223	4140
LOX	P28300	9
CHAT	P28329	23
NDUFS1	P28331	4
NMBR	P28336	116
POLD1	P28340	1
TEAD1	P28347	15
GABRB3	P28472	1233
GABRR2	P28476	5
MAPK1	P28482	1388
DUSP1	P28562	5
HTR1E	P28566	88
RXRB	P28702	128
ERCC5	P28715	47
PTPRM	P28827	2
LAP3	P28838	39
HSD11B1	P28845	2989
CD38	P28907	107
PTPN4	P29074	5
PCSK1	P29120	5
PCSK6	P29122	40
TPP2	P29144	1
ADORA2A	P29274	4748
ADORA2B	P29275	2447
EPHA2	P29317	369
EPHA3	P29320	49
EPHA8	P29322	29
EPHB2	P29323	45
PTPN6	P29350	70
SHC1	P29353	18
TACR3	P29371	762
MPG	P29372	3
KDM5A	P29375	42
LTK	P29376	32
TKT	P29401	52
CASP1	P29466	665
NOS3	P29474	311
NOS1	P29475	794
TYK2	P29597	618
CCND2	P30279	146
CCND3	P30281	214
WEE1	P30291	292
CDC25A	P30304	128
CDC25B	P30305	284
CDC25C	P30307	29
PPIF	P30405	4
BDKRB2	P30411	500
NMT1	P30419	321
AVPR2	P30518	636
ADSS	P30520	3
AXL	P30530	251
SLC6A1	P30531	73
CHRNA5	P30532	15
TSPO	P30536	53
ADORA1	P30542	3938
GRPR	P30550	207
AGTR1	P30556	1274
OXTR	P30559	771
PKLR	P30613	228
ALDH3A1	P30838	31
SSTR1	P30872	610
SSTR2	P30874	748
CHRNB4	P30926	477
HTR1F	P30939	159
GNRHR	P30968	1333
NTSR1	P30989	182
NTS	P30990	2
MAPK4	P31152	5
RRM2	P31350	62
SSTR4	P31391	633
SLC5A2	P31639	1107
GABRA5	P31644	1460
SLC6A4	P31645	4401
DNAJA1	P31689	2
AKT1	P31749	2649
AKT2	P31751	871
ATIC	P31939	17
APOBEC3A	P31941	1
CASP14	P31944	2
YWHAB	P31946	1
SFN	P31947	2
CCKAR	P32238	474
CCKBR	P32239	1322
VIPR1	P32241	8
MC4R	P32245	2339
CCR1	P32246	653
BRS3	P32247	284
CCR7	P32248	1
GPR183	P32249	22
CHRNA3	P32297	560
GRK4	P32298	25
CXCR5	P32302	43
CDA	P32320	27
SSTR3	P32745	945
MC5R	P33032	517
KIF5B	P33176	53
CYP2C18	P33260	11
DUT	P33316	202
GUCY1A2	P33402	38
ABCC1	P33527	232
TTK	P33981	914
GABRA3	P34903	1082
EPHX2	P34913	1529
GRK5	P34947	81
MPI	P34949	37
HTR7	P34969	1806
CNR2	P34972	5785
TRHR	P34981	6
PTGER1	P34995	685
CRHR1	P34998	1878
PRSS3	P35030	880
CA5A	P35218	322
CTNNB1	P35222	288
NOS2	P35228	659
PTPN7	P35236	26
SSTR5	P35346	982
ADRA1A	P35348	2043
PTGS2	P35354	2523
HRH1	P35367	1405
ADRA1B	P35368	1763
OPRM1	P35372	4529
RORA	P35398	58
PTGER4	P35408	571
APLNR	P35414	97
SCN1A	P35498	104
SCN4A	P35499	239
UGT1A3	P35503	1
GCK	P35557	797
PCK1	P35558	21
AGL	P35573	3
G6PC	P35575	12
TIE1	P35590	39
SOAT1	P35610	239
GRK3	P35626	24
DDIT3	P35638	14
CHKA	P35790	69
PPM1A	P35813	2
AHR	P35869	78
PDE6B	P35913	88
FLT4	P35916	515
KDR	P35968	6632
PSMC2	P35998	29
MAP2K2	P36507	91
CHRNA7	P36544	676
PPP1CC	P36873	21
FLT3	P36888	1480
BMPR1A	P36894	15
ACVR1B	P36896	30
TGFBR1	P36897	696
ACVRL1	P37023	34
HSD17B3	P37058	172
HSD17B2	P37059	391
SCNN1A	P37088	42
TGFBR2	P37173	66
PPARG	P37231	3165
FDFT1	P37268	208
AVPR1A	P37288	844
SNCA	P37840	57
BRCA1	P38398	15
GGCX	P38435	1
LIPA	P38571	8
CDKN1A	P38936	3
GRIK1	P39086	183
DDOST	P39656	13
FEN1	P39748	62
PLA2G5	P39877	38
MMP12	P39900	498
ADCY8	P40145	35
IL6ST	P40189	6
MPL	P40238	249
NNMT	P40261	1
PSMB10	P40306	31
CTRL	P40313	5
VHL	P40337	17
ADH7	P40394	1
STAT3	P40763	232
MDH1	P40925	1
MDH2	P40926	20
OPRD1	P41143	4061
OPRK1	P41145	4406
OPRL1	P41146	1580
CASR	P41180	497
ETV6	P41212	40
PTGDS	P41222	2
UBA7	P41226	1
KDM5C	P41229	104
P2RY2	P41231	233
HNF4A	P41235	32
CSK	P41240	82
IARS	P41252	20
MAP3K8	P41279	203
SLC19A1	P41440	23
ADCYAP1R1	P41586	60
VIPR2	P41587	70
GRM5	P41594	1903
HTR2B	P41595	1731
CCR2	P41597	1556
PRKCI	P41743	485
MC3R	P41968	624
STAT1	P42224	12
STAT6	P42226	103
STAT5A	P42229	4
GRIA1	P42261	129
GRIA2	P42262	249
GRIA3	P42263	91
AKR1C3	P42330	380
PIK3CA	P42336	2937
PIK3CB	P42338	1410
MTOR	P42345	3484
PI4KA	P42356	80
CASP3	P42574	974
CASP2	P42575	35
RPS27	P42677	7
MATK	P42679	8
TEC	P42680	26
TXK	P42681	51
ABL2	P42684	203
FRK	P42685	48
PRCP	P42785	349
HTT	P42858	17
ECE1	P42892	335
SLC1A3	P43003	61
SLC1A2	P43004	51
SLC1A1	P43005	46
PTGFR	P43088	149
PTGER3	P43115	651
PTGER2	P43116	560
PTGIR	P43119	411
CA7	P43166	680
GLP1R	P43220	428
CTSK	P43235	1777
GRK6	P43250	68
NR4A2	P43354	17
PTPN9	P43378	13
ZAP70	P43403	225
SYK	P43405	2953
NAMPT	P43490	1897
LPAR6	P43657	11
CHRNA4	P43681	927
PSMC4	P43686	29
MMP13	P45452	2639
PPIC	P45877	1
VDAC2	P45880	1
CBX5	P45973	1
USP5	P45974	2
MAPK8	P45983	1244
MAPK9	P45984	612
MAP2K4	P45985	29
PHKA2	P46019	3
PHKA1	P46020	3
SLC15A1	P46059	1
CCR10	P46092	35
GPR4	P46093	41
GPR6	P46095	238
HTR3A	P46098	790
NOTCH1	P46531	20
BDKRB1	P46663	686
SLCO1A2	P46721	5
MAP2K3	P46734	27
MAP1B	P46821	1
NEDD4	P46934	2
YAP1	P46937	15
HAAO	P46952	1
GALR1	P47211	108
PLA2G4A	P47712	235
GABRA2	P47869	1034
GABRB2	P47870	547
GCGR	P47871	793
SCTR	P47872	2
QARS	P47897	3
HTR5A	P47898	235
P2RY1	P47900	363
AVPR1B	P47901	440
LGALS7	P47929	12
XDH	P47989	119
MTNR1A	P48039	1089
KCNJ1	P48048	224
KCNJ6	P48051	105
GRIA4	P48058	169
SLC6A12	P48065	5
SLC6A11	P48066	4
SLC6A9	P48067	660
NPBWR1	P48145	137
PREP	P48147	293
ME1	P48163	4
GABRA4	P48169	443
RXRG	P48443	131
LSS	P48449	135
GCLC	P48506	3
KCNJ5	P48544	132
GIPR	P48546	122
KCNJ3	P48549	130
PSMD8	P48556	29
CSNK1A1	P48729	71
CSNK1D	P48730	185
PIK3CG	P48736	2066
SLC9A3	P48764	227
TDO2	P48775	41
HCAR3	P49019	100
NR2C2	P49116	3
MAPKAPK2	P49137	725
NPY2R	P49146	468
CX3CR1	P49238	50
SLC11A2	P49281	48
MTNR1B	P49286	989
FASN	P49327	81
CDK8	P49336	203
FNTA	P49354	1672
FNTB	P49356	1738
TTPA	P49638	5
CASP4	P49662	36
CSNK1E	P49674	64
CXCR3	P49682	943
PRLHR	P49683	88
PSMB3	P49720	29
PSMB2	P49721	82
CLK1	P49759	263
CLK2	P49760	121
CLK3	P49761	57
PGF	P49763	35
PSEN1	P49768	1808
HINT1	P49773	1
FHIT	P49789	32
RGS19	P49795	1
RGS4	P49798	39
PSEN2	P49810	1791
NDUFV1	P49821	4
GSK3A	P49840	771
GSK3B	P49841	2444
KLK7	P49862	33
SULT1E1	P49888	4
ENTPD1	P49961	1
AGTR2	P50052	1014
KHK	P50053	104
HNMT	P50135	4
SULT1A1	P50225	3
MMP14	P50281	563
PPOX	P50336	64
NPY4R	P50391	125
HTR6	P50406	3268
CPT1A	P50416	481
SERPINH1	P50454	2
DNM2	P50570	8
METAP2	P50579	645
CDK7	P50613	271
HLCS	P50747	6
CDK9	P50750	858
PPT1	P50897	1
ATP1A2	P50993	148
PDE6C	P51160	97
ATP4B	P51164	185
PLCD1	P51178	1
RORC	P51449	578
BLK	P51451	77
DUSP3	P51452	87
MMP15	P51511	30
MMP16	P51512	55
SMARCA2	P51531	2
SMARCA4	P51532	9
GALK1	P51570	7
P2RX1	P51575	22
TPMT	P51580	19
P2RY4	P51582	118
CYP2J2	P51589	34
IRAK1	P51617	50
ALDH5A1	P51649	1
PSMD7	P51665	29
CCR3	P51677	1123
CCR4	P51679	321
CCR5	P51681	1954
CCR6	P51684	1
CCR8	P51685	178
CCR9	P51686	191
STAT5B	P51692	14
KCNQ1	P51787	54
RPS6KA3	P51812	330
BMX	P51813	45
PRKX	P51817	12
ADCY7	P51828	35
CASP5	P51878	49
CCNH	P51946	155
MNAT1	P51948	14
NEK2	P51955	102
NEK3	P51956	8
NEK4	P51957	7
NDUFA8	P51970	4
FUT6	P51993	5
PGD	P52209	11
JAK3	P52333	2144
MAP2K6	P52564	17
ARHGDIA	P52565	6
GTF2A1	P52655	19
KIF11	P52732	861
CHN2	P52757	1
SMS	P52788	2
HK2	P52789	21
AKR1C2	P52895	99
PLK1	P53350	613
DAPK1	P53355	33
ACLY	P53396	38
METAP1	P53582	108
MVD	P53602	5
PGGT1B	P53609	459
CTSC	P53634	110
LIMK1	P53667	237
LIMK2	P53671	199
MAPK12	P53778	553
MAPK10	P53779	959
SLC16A1	P53985	71
POLG	P54098	1
BLM	P54132	22
RARS	P54136	2
CACNB3	P54284	1
CACNA2D1	P54289	156
YARS	P54577	22
USP14	P54578	1
PRKAG1	P54619	82
PRKAA2	P54646	80
BCAT1	P54687	14
ATP12A	P54707	12
ATP1B3	P54709	148
FXYD2	P54710	148
PDE1A	P54750	178
EPHB3	P54753	36
EPHA5	P54756	22
EPHB4	P54760	584
EPHB1	P54762	28
EPHA4	P54764	30
PTPN5	P54829	14
PSMD4	P55036	29
NR1H2	P55055	688
PLTP	P55058	1
VCP	P55072	254
MTTP	P55157	177
BRPF1	P55201	82
CASP7	P55210	460
CASP9	P55211	51
CASP6	P55212	235
ADK	P55263	400
NPEPPS	P55786	9
SUMO3	P55854	1
FCGRT	P55899	96
BID	P55957	4
NDUFV3	P56181	4
MARS	P56192	26
ITGA1	P56199	1
P2RX3	P56373	1545
LGALS4	P56470	3
HDAC4	P56524	2068
CTBP2	P56545	13
NDUFA6	P56556	4
KCNQ4	P56696	3
WNT3	P56703	48
WNT3A	P56704	38
BACE1	P56817	4682
HSD17B7	P56937	3
HUNK	P57058	16
SIK1	P57059	30
RIPK4	P57078	18
RGS8	P57771	10
TAS2R31	P59538	4
GNG2	P59768	13
CD81	P60033	1
TPI1	P60174	2
PTEN	P60484	1
IL2	P60568	10
EIF4A1	P60842	38
SEM1	P60896	29
PSMA6	P60900	29
S100A10	P60903	30
CDC42	P60953	26
CKS1B	P61024	22
CXCR4	P61073	506
UBE2N	P61088	2
SST	P61278	1
RHOA	P61586	34
SUMO2	P61956	1
WDR5	P61964	119
YWHAG	P61981	2
PSMC1	P62191	29
PSMC5	P62195	29
PSMC6	P62333	29
ESRRG	P62508	40
RAP1A	P62834	3
GNB1	P62873	13
PPIA	P62937	159
FKBP1A	P62942	539
CACNG7	P62955	1
GRB2	P62993	220
RAC1	P63000	7
GNAI1	P63096	6
PPP2R2A	P63151	1
SUMO1	P63165	1
UBE2I	P63279	3
PPP2CA	P67775	8
CSNK2B	P67870	448
EEF1A1	P68104	3
FKBP1B	P68106	7
TUBA1B	P68363	560
TUBA4A	P68366	560
TUBB4B	P68371	560
CSNK2A1	P68400	830
PAFAH1B2	P68402	5
ADAM8	P78325	19
CYP4F2	P78329	2
GABRE	P78334	377
ASIC1	P78348	2
DLG4	P78352	24
PIP4K2B	P78356	20
SRPK2	P78362	13
CSNK1G2	P78368	45
CCNA1	P78396	966
GSTO1	P78417	2
PRKDC	P78527	768
ADAM17	P78536	1435
ARG2	P78540	45
ELF3	P78545	4
	P79483	17
LCN2	P80188	4
MAP3K9	P80192	80
HSD11B2	P80365	223
DLK1	P80370	10
ABAT	P80404	2
CBX1	P83916	1
ARF1	P84077	1
TMPRSS15	P98073	218
SHC2	P98077	1
XIAP	P98170	402
CYCS	P99999	3
CDK3	Q00526	99
CDK6	Q00534	312
CDK5	Q00535	1089
CDK16	Q00536	30
CDK17	Q00537	20
CLTC	Q00610	1
HSF1	Q00613	36
NFKB2	Q00653	150
SORD	Q00796	74
CACNA1B	Q00975	313
MDM2	Q00987	1834
PDE1B	Q01064	215
SCN7A	Q01118	10
RUNX1	Q01196	6
AMPD3	Q01432	43
AMPD2	Q01433	19
FABP5	Q01469	36
MYT1	Q01538	2
FLI1	Q01543	6
SLC7A5	Q01650	4
CACNA1D	Q01668	103
MC1R	Q01726	637
EWSR1	Q01844	6
SLC6A3	Q01959	2623
NAAA	Q02083	47
GUCY1A1	Q02108	38
DHODH	Q02127	630
GUCY1B1	Q02153	38
PRKCE	Q02156	504
CENPE	Q02224	15
CYP27A1	Q02318	7
CACNB1	Q02641	7
GHRHR	Q02643	1
MAP2K1	Q02750	743
TEK	Q02763	651
MAP3K10	Q02779	33
FKBP4	Q02790	21
TOP2B	Q02880	90
CYP4A11	Q02928	1
KMT2A	Q03164	61
PPARD	Q03181	1148
PLAUR	Q03405	37
PTH1R	Q03431	39
RELA	Q04206	198
FOLH1	Q04609	251
NOTCH2	Q04721	1
HGFAC	Q04756	46
PRKCQ	Q04759	829
GLO1	Q04760	47
ACVR1	Q04771	56
AKR1C1	Q04828	42
CHRNE	Q04844	2
MST1R	Q04912	97
YWHAH	Q04917	1
DNM1	Q05193	33
PTPN12	Q05209	4
PTK2	Q05397	1051
LIPE	Q05469	298
PRKCZ	Q05513	241
GRIN1	Q05586	500
EEF1A2	Q05639	3
PRKCD	Q05655	754
RNASEL	Q05823	45
CHRNB3	Q05901	60
DUSP2	Q05923	1
FPGS	Q05932	50
SLC18A2	Q05940	6
MBTD1	Q05BQ5	15
PTPN11	Q06124	182
BTK	Q06187	1118
GFPT1	Q06210	3
AOX1	Q06278	18
TYRO3	Q06418	252
CACNG1	Q06432	1
RAD51	Q06609	22
CHRND	Q07001	100
CDK18	Q07002	15
ENPEP	Q07075	59
CD69	Q07108	8
PDE4B	Q07343	2418
BAX	Q07812	10
BCL2L1	Q07817	933
MCL1	Q07820	611
PPARA	Q07869	1940
TNK2	Q07912	460
CYP24A1	Q07973	58
TGM3	Q08188	1
PPP3CA	Q08209	34
CACNB2	Q08289	1
DDR1	Q08345	274
ADCY2	Q08462	35
CYP4F3	Q08477	1
PDE4C	Q08493	1480
PDE4D	Q08499	1893
CD47	Q08722	2
PPID	Q08752	19
ADCY1	Q08828	83
ITK	Q08881	706
DMPK	Q09013	31
RBBP4	Q09028	7
MGAT3	Q09327	14
ABCC8	Q09428	215
KCNA1	Q09470	151
EP300	Q09472	127
MGAT2	Q10469	60
FUT7	Q11130	5
ST3GAL1	Q11201	4
ST3GAL3	Q11203	1
SREBF2	Q12772	17
FOXO1	Q12778	1
KCNMA1	Q12791	44
KCNH2	Q12809	4780
BPTF	Q12830	3
MAP4K2	Q12851	46
MAP3K12	Q12852	674
MERTK	Q12866	235
GRIN2A	Q12879	321
DPYD	Q12882	6
FAP	Q12884	169
TP53BP1	Q12888	5
SLC10A2	Q12908	225
PTPN13	Q12923	13
TRAP1	Q12931	33
PTP4A2	Q12974	1
GRIK2	Q13002	100
GRIK3	Q13003	40
TIAM1	Q13009	1
STK4	Q13043	25
ACACA	Q13085	411
PLA2G7	Q13093	353
USP4	Q13107	1
DUSP4	Q13115	1
IK	Q13123	1
MTAP	Q13126	101
PRKAA1	Q13131	212
NR1H3	Q13133	719
PAK1	Q13153	224
MAP2K5	Q13163	47
MAPK7	Q13164	44
PAK2	Q13177	56
STK3	Q13188	58
PSMD2	Q13200	29
GRIN2B	Q13224	481
CHIT1	Q13231	3
MAP3K1	Q13233	17
PRKG2	Q13237	17
GRM1	Q13255	624
PTGDR	Q13258	611
NR5A1	Q13285	65
GPR17	Q13304	25
SKP2	Q13309	22
ATM	Q13315	87
CRHR2	Q13324	48
PTPRS	Q13332	19
SLC14A1	Q13336	1
PDE3B	Q13370	744
PLD1	Q13393	139
UBE2V1	Q13404	2
ILK	Q13418	163
ADAM9	Q13443	35
FKBP5	Q13451	72
ROCK1	Q13464	786
TNK1	Q13470	26
BIRC3	Q13489	102
BIRC2	Q13490	244
TUBB3	Q13509	565
ASAH1	Q13510	46
PRPF4B	Q13523	15
PIN1	Q13526	142
ATR	Q13535	124
RIPK1	Q13546	89
HDAC1	Q13547	4979
CAMK2B	Q13554	62
CAMK2G	Q13555	63
CAMK2D	Q13557	149
NAE1	Q13564	36
STIM1	Q13586	51
DNASE1L3	Q13609	1
DYRK1A	Q13627	438
HTR4	Q13639	518
CACNA1S	Q13698	136
ACVR2B	Q13705	16
ATP1A4	Q13733	148
NCOA4	Q13772	1
ENPP2	Q13822	197
BMPR2	Q13873	24
PTK6	Q13882	136
TUBB2A	Q13885	560
PDE7A	Q13946	618
CBFB	Q13951	32
PDE6H	Q13956	88
PRKG1	Q13976	20
CDK13	Q14004	13
CAMK1	Q14012	25
PDE1C	Q14123	215
KEAP1	Q14145	90
IKBKE	Q14164	266
WRN	Q14191	7
PTK2B	Q14289	122
GPR18	Q14330	12
GALE	Q14376	3
GRM2	Q14416	634
PDE3A	Q14432	836
GRB7	Q14451	6
SCN5A	Q14524	489
SQLE	Q14534	53
ITPR2	Q14571	3
ITPR3	Q14573	12
INPP5A	Q14642	2
ITPR1	Q14643	9
MELK	Q14680	59
USP10	Q14694	1
MBTPS1	Q14703	22
KCNB1	Q14721	2
KCNAB1	Q14722	1
PTPRCAP	Q14761	3
CBX2	Q14781	3
CASP8	Q14790	345
GRM7	Q14831	7
GRM3	Q14832	100
GRM4	Q14833	335
SLC9A5	Q14940	4
GRIN2C	Q14957	210
SLC10A1	Q14973	15
NR1I3	Q14994	51
PSMD6	Q15008	29
SUZ12	Q15022	12
KARS	Q15046	71
SETDB1	Q15047	1
BRD3	Q15059	118
P2RY6	Q15077	168
CDK5R1	Q15078	992
AGER	Q15109	21
PDK1	Q15118	613
PDK2	Q15119	151
PDK3	Q15120	151
EBP	Q15125	58
PRKD1	Q15139	260
PPP2R5A	Q15172	3
STK38	Q15208	9
PTPA	Q15257	3
RBBP5	Q15291	7
ERBB4	Q15303	866
RPS6KA2	Q15349	296
ELOC	Q15369	2
ELOB	Q15370	2
EPHA7	Q15375	24
P2RY14	Q15391	54
SF3B3	Q15393	18
TLR1	Q15399	1
RPS6KA1	Q15418	78
SHB	Q15464	6
SHH	Q15465	12
NR0B2	Q15466	4
TESK1	Q15569	21
JMJD1C	Q15652	1
TPSAB1	Q15661	430
PTPN14	Q15678	2
ELAVL1	Q15717	3
LTB4R	Q15722	517
MYLK	Q15746	55
TAB1	Q15750	132
SLC1A5	Q15758	4
MAPK11	Q15759	621
NPY5R	Q15761	1219
NCOA1	Q15788	1
CHRNA2	Q15822	15
CHRNA6	Q15825	39
STK11	Q15831	14
GRK1	Q15835	24
KCNJ8	Q15842	192
SCN9A	Q15858	2081
CACNA1E	Q15878	1
ATP6AP1	Q15904	2
EZH2	Q15910	143
GRIK4	Q16099	32
ADRM1	Q16186	29
CCDC6	Q16204	5
NFE2L2	Q16236	121
NTRK3	Q16288	60
SLC15A2	Q16348	21
GABRA6	Q16445	545
GRIK5	Q16478	44
PKN1	Q16512	40
PKN2	Q16513	57
MAPK14	Q16539	4141
BCL2A1	Q16548	53
PCSK7	Q16549	13
CAMK4	Q16566	26
SLC18A3	Q16572	223
RBBP7	Q16576	7
C3AR1	Q16581	138
MAP3K11	Q16584	70
BAK1	Q16611	14
AANAT	Q16613	14
NTRK2	Q16620	92
MAPKAPK3	Q16644	9
PTGIS	Q16647	15
PRSS8	Q16651	22
PDK4	Q16654	151
MAPK6	Q16659	10
HIF1A	Q16665	341
CYP1B1	Q16678	137
CYP2A13	Q16696	15
MAN2A1	Q16706	17
NDUFA5	Q16718	4
KYNU	Q16719	4
UGCG	Q16739	125
QPCT	Q16769	236
KYAT1	Q16773	1
GUK1	Q16774	1
HAGH	Q16775	2
CA9	Q16790	3039
NDUFA9	Q16795	4
PHKG1	Q16816	29
UPP1	Q16831	9
DDR2	Q16832	141
AOC3	Q16853	173
LTC4S	Q16873	49
PFKFB3	Q16875	420
PFKFB4	Q16877	32
TXNRD1	Q16881	32
AAK1	Q2M2I8	35
MPEG1	Q2M385	16
PARP6	Q2NL67	3
MYLK3	Q32MK0	19
MOGAT2	Q3SYC2	43
TUBB8	Q3ZCM7	560
PARP15	Q460N3	3
PARP14	Q460N5	1
SLC22A6	Q4U2R8	29
SBK1	Q52WX2	17
PDCD4	Q53EL6	10
PARP10	Q53GL7	15
MAP3K19	Q56UN5	57
BRDT	Q58F21	12
TNNI3K	Q59H18	142
PITRM1	Q5JRX3	2
FFAR4	Q5NUL3	173
ACER2	Q5QJU3	1
PLA2G2C	Q5R387	8
LRRK2	Q5S007	971
OGFRL1	Q5TC84	335
MAGI3	Q5TCQ9	7
AGBL2	Q5U5Z8	1
CDC42BPA	Q5VT25	59
ANO1	Q5XXA6	11
KDM4D	Q6B0I6	16
ADAL	Q6DHV7	5
CDC42BPG	Q6DT37	13
GPR139	Q6DWJ6	24
SLC8B1	Q6J4K2	1
FPR3	Q6L5J4	379
ERAP2	Q6P179	54
SLC27A4	Q6P1M0	28
NEK5	Q6P3R8	12
NOTUM	Q6P988	69
SLC27A1	Q6PCB7	74
TUBA3E	Q6PEY2	560
ULK3	Q6PHR2	25
ATAD2	Q6PL18	42
PCSK4	Q6UW60	6
DPP8	Q6V1X1	609
NPSR1	Q6W5P4	81
DSTYK	Q6XUX3	19
GIGYF2	Q6Y7W6	1
KYAT3	Q6YP21	2
KDM7A	Q6ZMT4	3
MAP3K15	Q6ZN16	9
AEBP2	Q6ZN18	3
SLCO4C1	Q6ZQN7	6
IDO2	Q6ZQW0	3
PHLPP2	Q6ZVD8	7
HTR3D	Q70Z44	277
TUBA1A	Q71U36	560
MARK2	Q7KZI7	32
TAOK1	Q7L7X3	92
KDM3B	Q7LBC6	3
RRM2B	Q7LG56	51
TAS1R3	Q7RTX0	251
TAS1R1	Q7RTX1	140
GPRIN1	Q7Z2K8	1
TRPM8	Q7Z2W7	203
CACNA2D4	Q7Z3S7	1
KCNK18	Q7Z418	1
ADM2	Q7Z4H4	8
GPR142	Q7Z601	103
SCD5	Q86SK9	3
DPP9	Q86TI2	439
PRUNE1	Q86TP1	2
PBRM1	Q86U86	16
TLK2	Q86UE8	11
STK32C	Q86UX6	2
ADIPOR2	Q86V24	1
PIM3	Q86V86	1113
SLC47A2	Q86VL8	9
TXNRD3	Q86VQ6	31
SGMS1	Q86VZ5	6
PARG	Q86W56	2
BPHL	Q86WA6	1
CARM1	Q86X55	93
VRK2	Q86Y07	5
NDUFA11	Q86Y39	4
SLC13A5	Q86YT5	10
MYLK4	Q86YV6	18
HIPK1	Q86Z02	37
TMPRSS6	Q8IU80	63
CAMK1D	Q8IU85	26
RASGRP3	Q8IV61	52
MAP4K3	Q8IVH8	32
CDKL3	Q8IVW4	8
MAPKAPK5	Q8IW41	29
BRSK2	Q8IWQ3	17
TPH2	Q8IWU9	4
SIRT2	Q8IXJ6	340
NIM1K	Q8IY84	16
ULK2	Q8IYT8	27
CACNA2D3	Q8IZS8	1
TAF1L	Q8IZX4	3
NDUFAF2	Q8N183	4
GABRG1	Q8N1C3	377
CA13	Q8N1Q1	231
ABHD12	Q8N2K0	1
SFRP1	Q8N474	73
MINK1	Q8N4C8	41
DCLK2	Q8N568	11
CAMKK1	Q8N5S9	23
AADAT	Q8N5Z0	58
CSNK1A1L	Q8N752	13
CDYL2	Q8N8U2	37
L3MBTL4	Q8NA19	1
PCSK9	Q8NBP7	1
DAGLB	Q8NCG7	7
HIPK4	Q8NE63	38
PIK3C3	Q8NEB9	64
TRPV1	Q8NER1	2796
TRPV3	Q8NET8	309
CSNK2A3	Q8NEV1	13
MYO3A	Q8NEV4	10
ANKK1	Q8NFD2	22
ENGASE	Q8NFI3	3
PROKR2	Q8NFJ6	2
ADCY4	Q8NFM4	35
NEK11	Q8NG66	9
TTL	Q8NG68	17
KDM2B	Q8NHM5	8
COQ8A	Q8NI60	14
PSMA8	Q8TAA3	29
WDR48	Q8TAF3	76
UBA3	Q8TBC4	33
PIP4K2C	Q8TBX8	64
SLC22A8	Q8TCC7	21
PI4K2B	Q8TCG2	7
CERK	Q8TCT0	1
PHOSPHO1	Q8TCT1	23
GRIN3A	Q8TCU5	207
PROKR1	Q8TCW9	145
MAPK15	Q8TD08	26
NEK9	Q8TD19	10
BRSK1	Q8TDC3	12
STK35	Q8TDR2	23
HCAR2	Q8TDS4	495
OXER1	Q8TDS5	37
GPBAR1	Q8TDU6	414
RXFP4	Q8TDU9	3
GPR119	Q8TDV5	926
NEK7	Q8TDX7	13
PANK1	Q8TE04	11
TAS1R2	Q8TE23	112
GANC	Q8TET4	1
HASPIN	Q8TF76	29
GRK7	Q8WTQ7	27
SETD7	Q8WTS6	8
SCARB1	Q8WTV0	53
STK32A	Q8WU08	13
HDAC7	Q8WUI4	1737
PTPMT1	Q8WUK0	1
UBLCP1	Q8WVY7	8
APH1B	Q8WW43	1787
CCNB3	Q8WWL7	394
NEU4	Q8WWR8	8
SLC5A11	Q8WWX8	2
HTR3C	Q8WXA8	277
RXFP2	Q8WXD0	3
MYO3B	Q8WXR4	11
CACNG8	Q8WXS5	1
PIK3R5	Q8WYR1	32
RAPGEF4	Q8WZA2	55
CPT1B	Q92523	168
NCSTN	Q92542	1787
DYRK2	Q92630	107
LPAR1	Q92633	171
ESR2	Q92731	1850
RYR2	Q92736	52
RORB	Q92753	50
HDAC2	Q92769	2828
CDKL2	Q92772	22
CREBBP	Q92793	212
EZH1	Q92800	14
GGH	Q92820	2
PCSK5	Q92824	11
KAT2A	Q92830	11
KAT2B	Q92831	63
BCL2L2-PABPN1	Q92843	37
GHSR	Q92847	1756
CASP10	Q92851	8
KLK6	Q92876	4
ABCC2	Q92887	14
ERCC4	Q92889	52
MAP4K1	Q92918	32
BAD	Q92934	54
KCNN1	Q92952	10
KCNB2	Q92953	1
SLCO2A1	Q92959	21
KAT5	Q92993	1
USP13	Q92995	1
USP9X	Q93008	2
USP7	Q93009	14
BHMT	Q93088	15
PTP4A1	Q93096	1
PHKB	Q93100	3
KISS1R	Q969F8	273
HDAC10	Q969S8	1839
PSMG2	Q969U7	1
MCHR2	Q969V1	208
ADIPOR1	Q96A54	1
PNPLA2	Q96AD5	1
AKT1S1	Q96B36	3
SLCO4A1	Q96BD0	1
APH1A	Q96BI3	1787
SGK3	Q96BR1	16
DCPS	Q96C86	9
ORAI1	Q96D31	71
COQ8B	Q96D53	15
HDAC11	Q96DB2	1786
SIRT1	Q96EB6	251
SLC47A1	Q96FL8	31
P2RY11	Q96G91	30
AURKB	Q96GD4	1581
ERO1A	Q96HE7	2
CPB2	Q96IY4	194
L3MBTL3	Q96JM7	87
USP47	Q96K76	12
PBK	Q96KB5	104
EHMT2	Q96KQ7	81
EGLN2	Q96KS0	182
MARK4	Q96L34	25
PRMT6	Q96LA8	64
MRGPRX2	Q96LB1	7
MRGPRX1	Q96LB2	74
SLC46A1	Q96NT5	21
CAMK1G	Q96NX5	16
BIRC8	Q96P09	6
NLRP3	Q96P20	8
QRFPR	Q96P65	88
OXGR1	Q96P68	3
DGAT2	Q96PD7	15
TSSK2	Q96PF2	7
NOX5	Q96PH1	17
ADCY10	Q96PN6	3
TSSK3	Q96PN8	3
NEK1	Q96PY6	16
SMG1	Q96Q15	21
ALKBH3	Q96Q83	35
KIF20B	Q96Q89	1
PASK	Q96RG2	1
F2RL3	Q96RI0	842
NR1H4	Q96RI1	685
TAAR1	Q96RJ0	162
KCNA7	Q96RP8	1
CAMKK2	Q96RR4	33
SLC22A12	Q96S37	109
TESK2	Q96S53	6
SRPK1	Q96SB4	56
ORAI2	Q96SN7	16
CRBN	Q96SW2	1
MBOAT4	Q96T53	4
SCN2A	Q99250	164
PSMB7	Q99436	37
PSMD1	Q99460	29
NOTCH4	Q99466	1
S1PR3	Q99500	1040
SORT1	Q99523	74
GPER1	Q99527	7
LGMN	Q99538	84
MAP3K14	Q99558	22
P2RX4	Q99571	31
P2RX7	Q99572	1744
SPSB2	Q99619	3
PKMYT1	Q99640	7
LPAR4	Q99677	15
MAP3K5	Q99683	99
MGLL	Q99685	283
MCHR1	Q99705	3410
MTR	Q99707	3
SIGMAR1	Q99720	2115
PIP5K1A	Q99755	22
TXN2	Q99757	1
MAP3K3	Q99759	31
SLC29A1	Q99808	211
EPAS1	Q99814	264
TSG101	Q99816	3
SMO	Q99835	537
PRMT1	Q99873	64
SLC6A7	Q99884	50
CTRC	Q99895	113
GABRG3	Q99928	379
HSD17B14	Q9BPX1	31
WDR77	Q9BQA1	358
TUBA1C	Q9BQE3	560
SENP7	Q9BQF6	1
EIF2AK1	Q9BQI3	37
ORAI3	Q9BRQ5	16
RIOK1	Q9BRS2	24
PRXL2A	Q9BRX8	1
PSMG3	Q9BT73	1
PI4K2A	Q9BTU6	7
FUCA2	Q9BTY2	2
NDUFAF3	Q9BU61	4
MKNK1	Q9BUB5	135
TUBB6	Q9BUF5	560
ABHD6	Q9BV23	36
DUSP26	Q9BV47	1
TUBB2B	Q9BVA1	560
DUSP23	Q9BVJ7	3
RIOK2	Q9BVS4	24
KIFC1	Q9BW19	22
ELOVL1	Q9BW60	1
CDK19	Q9BWU1	77
TRPM6	Q9BX84	1
SUCNR1	Q9BXA5	47
TSSK1B	Q9BXA7	16
HCAR1	Q9BXC0	142
GPR174	Q9BXC1	40
CECR2	Q9BXF3	12
BBC3	Q9BXH1	1
QTRT1	Q9BXR0	2
CACNG6	Q9BXT2	1
STK31	Q9BXU1	1
EBPL	Q9BY08	4
HDAC8	Q9BY41	2623
FUT8	Q9BYC5	1
ACE2	Q9BYF1	184
WNK3	Q9BYP7	2
STK33	Q9BYT3	53
SETD2	Q9BYW2	1
ADAM33	Q9BZ11	12
PANK2	Q9BZ23	1
TPSD1	Q9BZJ3	213
PRKD2	Q9BZL6	65
CHIA	Q9BZP6	6
DCLK3	Q9C098	26
FTO	Q9C0B1	6
GPR88	Q9GZN0	197
NMUR2	Q9GZQ4	22
NPFFR1	Q9GZQ6	80
SENP6	Q9GZR1	1
EGLN1	Q9GZT9	473
SLC5A7	Q9GZV3	25
CHRNA10	Q9GZZ6	10
BRD8	Q9H0E9	1
SIK2	Q9H0K1	34
LPAR5	Q9H1C0	14
TRPV6	Q9H1D0	1
DUSP15	Q9H1R2	2
MYLK2	Q9H1R3	23
S1PR5	Q9H228	359
PORCN	Q9H237	32
P2RY12	Q9H244	1006
SLK	Q9H2G2	53
SLC6A15	Q9H2J7	12
TNKS2	Q9H2K2	279
TAOK3	Q9H2K8	85
BHMT2	Q9H2M3	1
KCNN2	Q9H2S1	12
HIPK2	Q9H2X6	41
SLC12A5	Q9H2X9	11
HRH4	Q9H3N8	1065
ACBD3	Q9H3P7	1
KDM4C	Q9H3R0	106
SRMS	Q9H3Y6	20
HIPK3	Q9H422	34
RNPEP	Q9H4A4	8
PLK3	Q9H4B4	125
TUBB1	Q9H4B7	609
ELOVL6	Q9H5J4	105
EGLN3	Q9H6Z9	96
DCTPP1	Q9H773	29
SMYD3	Q9H7B4	17
KAT8	Q9H7Z6	1
PTGES2	Q9H7Z7	30
BRD9	Q9H8M2	57
PANK3	Q9H999	13
EHMT1	Q9H9B1	8
SLC28A3	Q9HAS3	3
UGT1A7	Q9HAW7	1
UGT1A10	Q9HAW8	2
UGT1A8	Q9HAW9	2
CLK4	Q9HAZ1	173
ELOVL3	Q9HB03	10
PLEKHA1	Q9HB21	1
CYP3A43	Q9HB55	1
NMUR1	Q9HB89	20
TRPV4	Q9HBA0	107
PDF	Q9HBH1	43
MKNK2	Q9HBH9	547
LPAR2	Q9HBW0	114
RXFP1	Q9HBX9	95
SGK2	Q9HBY8	2
NOD2	Q9HC29	28
EML4	Q9HC35	39
CBX8	Q9HC52	26
SENP2	Q9HC62	11
GPR35	Q9HC97	75
NEK6	Q9HC98	19
SMURF1	Q9HCE7	6
GBA2	Q9HCG7	111
GP6	Q9HCN6	1
CSNK1G1	Q9HCP0	23
PDE11A	Q9HCR9	132
TXNRD2	Q9NNW7	31
PDE7B	Q9NP56	61
SLC40A1	Q9NP59	193
SSU72	Q9NP77	1
POLM	Q9NP87	1
MMP25	Q9NPA2	10
NT5M	Q9NPB1	1
LTB4R2	Q9NPC1	281
KCNK9	Q9NPC2	40
SLCO1B3	Q9NPD5	91
NOX4	Q9NPH5	110
BRD7	Q9NPI1	20
FANCF	Q9NPI8	1
TCF7L2	Q9NQB0	272
GPR84	Q9NQS5	371
INCENP	Q9NQS7	90
PAK6	Q9NQU5	18
DYRK4	Q9NR20	2
PRMT8	Q9NR22	28
CYP26B1	Q9NR63	20
KCNQ5	Q9NR82	3
TLR9	Q9NR96	26
TLR8	Q9NR97	65
SPHK2	Q9NRA0	92
MMP26	Q9NRE1	12
SMYD2	Q9NRG4	33
SNRK	Q9NRH2	5
LATS2	Q9NRM7	20
STK36	Q9NRP7	24
TMPRSS4	Q9NRS4	1
DUSP22	Q9NRW4	17
NDUFA4L2	Q9NRX3	4
CYSLTR2	Q9NS75	492
LANCL2	Q9NS86	1
SLC22A11	Q9NSA0	13
SLC6A13	Q9NSD5	1
RXFP3	Q9NSD7	8
BMP2K	Q9NSY1	31
SIRT3	Q9NTG7	139
TDP1	Q9NUW8	40
PRMT7	Q9NVM4	1
PNPO	Q9NVS9	1
HIF1AN	Q9NWT6	1
AURKAIP1	Q9NWT8	2
IRAK4	Q9NWZ3	1173
NDUFB11	Q9NX14	4
DUS2	Q9NX74	1
SIRT5	Q9NXA8	4
P4HTM	Q9NXG6	47
QPCTL	Q9NXS2	44
DPP3	Q9NY33	6
SCN3A	Q9NY46	87
CACNA2D2	Q9NY47	26
STK32B	Q9NY57	11
SLC5A4	Q9NY91	30
SPHK1	Q9NYA1	177
TERF2IP	Q9NYB0	18
SLCO1C1	Q9NYB5	2
TLR7	Q9NYK1	227
MAP3K20	Q9NYL2	36
HAO2	Q9NYQ3	1
PLK2	Q9NYY3	104
ERAP1	Q9NZ08	28
PSENEN	Q9NZ42	1788
CISD1	Q9NZ45	52
EIF2AK3	Q9NZJ5	95
PLA2G2E	Q9NZK7	17
CD274	Q9NZQ7	6
TRPM5	Q9NZQ8	61
NDUFAF4	Q9P032	4
KLK14	Q9P0G3	23
NDUFA13	Q9P0J0	4
MARK1	Q9P0L2	23
SENP1	Q9P0U3	20
CACNA1I	Q9P0X4	193
PIM2	Q9P1W9	2007
HCN3	Q9P1Z3	1
PAK5	Q9P286	21
STK26	Q9P289	36
LARS	Q9P2J5	7
EIF2AK4	Q9P2K8	45
MBD2	Q9UBB5	7
DNMT3B	Q9UBC3	19
SAE1	Q9UBE0	4
NLK	Q9UBE8	18
PI4KB	Q9UBF8	210
ASH2L	Q9UBL3	7
P2RX2	Q9UBL9	224
DHCR7	Q9UBM7	18
CACNG4	Q9UBN1	1
HDAC6	Q9UBN7	2961
CTSZ	Q9UBR2	5
RPS6KB2	Q9UBS0	27
GABBR1	Q9UBS5	36
UBA2	Q9UBT2	8
POLK	Q9UBT6	5
GHRL	Q9UBU3	45
DBF4	Q9UBU7	185
CTSF	Q9UBX1	41
SLC9A2	Q9UBY0	8
LPAR3	Q9UBY5	132
MALT1	Q9UDY8	29
STK17A	Q9UEE5	53
STK39	Q9UEW8	12
CACNG5	Q9UF02	1
PRKAG3	Q9UGI9	26
PRKAG2	Q9UGJ0	26
KDM5B	Q9UGL1	66
CHRNA9	Q9UGM1	11
PARP2	Q9UGN5	170
POLL	Q9UGP5	17
MLX	Q9UH92	8
ASIC3	Q9UHC3	30
NPC1L1	Q9UHC9	98
TBK1	Q9UHD2	139
TAC3	Q9UHF0	6
ADAMTS1	Q9UHI8	5
DPP7	Q9UHL4	641
NDUFA12	Q9UI09	4
SCN11A	Q9UI33	10
BAZ2B	Q9UIF8	33
BAZ2A	Q9UIF9	28
SLCO3A1	Q9UIG8	2
DAPK2	Q9UIK4	27
LNPEP	Q9UIQ6	124
CNOT7	Q9UIV1	11
HAO1	Q9UJM8	14
DNMT3L	Q9UJW3	2
KCND3	Q9UK17	4
RPS6KA6	Q9UK32	12
TNIK	Q9UKE5	56
TLK1	Q9UKI8	11
PARP4	Q9UKK3	3
RCOR1	Q9UKL0	61
MAN1B1	Q9UKM7	12
UTS2R	Q9UKP6	556
TRHDE	Q9UKU6	1
HDAC9	Q9UKV0	1738
HCN2	Q9UL51	1
TAOK2	Q9UL54	26
PADI1	Q9ULC6	7
BRPF3	Q9ULD4	6
KCNH3	Q9ULD8	69
MED23	Q9ULK4	5
TPX2	Q9ULW0	17
PADI3	Q9ULW8	6
CA14	Q9ULX7	590
APLN	Q9ULZ1	18
MMP17	Q9ULZ9	19
PADI4	Q9UM07	14
NOTCH3	Q9UM47	20
ALK	Q9UM73	1362
ADAMTS5	Q9UNA0	451
POLI	Q9UNA4	3
CDC14A	Q9UNH5	3
CELA1	Q9UNI1	16
PLA2G2D	Q9UNK4	19
PSMD13	Q9UNM6	29
ABCG2	Q9UNQ0	388
PLA2G4C	Q9UP65	3
GPR34	Q9UPC5	33
SRPK3	Q9UPE1	25
PHF8	Q9UPP1	8
SLC7A11	Q9UPY5	13
ICK	Q9UPZ9	18
CDK11A	Q9UQ88	13
AURKC	Q9UQB9	88
SCN8A	Q9UQD0	274
HDAC5	Q9UQL6	1744
CAMK2A	Q9UQM7	75
TRPC6	Q9Y210	22
CDYL	Q9Y232	1
PDE10A	Q9Y233	3372
NOD1	Q9Y239	66
AKT3	Q9Y243	235
HPSE	Q9Y251	186
POLH	Q9Y253	4
RCE1	Q9Y256	17
PLAA	Q9Y263	22
RUVBL1	Q9Y265	1
CYSLTR1	Q9Y271	583
ASF1A	Q9Y294	2
CA5B	Q9Y2D0	270
STK38L	Q9Y2H1	7
MAST1	Q9Y2H9	11
NISCH	Q9Y2I1	156
PADI2	Q9Y2J8	6
SIK3	Q9Y2K2	15
KDM2A	Q9Y2K7	52
GSTK1	Q9Y2Q3	2
GDA	Q9Y2T3	7
GPR52	Q9Y2T5	15
GPR55	Q9Y2T6	73
MAP3K2	Q9Y2U5	34
AMDHD2	Q9Y303	1
KLK5	Q9Y337	18
SLC6A5	Q9Y345	132
NDUFAF1	Q9Y375	4
NAALAD2	Q9Y3Q0	19
HCN4	Q9Y3Q4	22
NEU2	Q9Y3R4	1
WNK2	Q9Y3S1	2
DYRK1B	Q9Y463	218
L3MBTL1	Q9Y468	50
PRKAB1	Q9Y478	94
KDM3A	Q9Y4C1	23
DAGLA	Q9Y4D2	134
MAP4K5	Q9Y4K4	39
ATG4B	Q9Y4P1	4
PPME1	Q9Y570	2
RIPK3	Q9Y572	10
ENTPD2	Q9Y5L3	1
HRH3	Q9Y5N1	3606
COL4A3BP	Q9Y5P4	1
CDC42BPB	Q9Y5S2	18
NOX1	Q9Y5S8	29
NR2E3	Q9Y5X4	13
NPFFR2	Q9Y5X5	86
LIPG	Q9Y5X9	490
PTGDR2	Q9Y5Y4	2541
ST14	Q9Y5Y6	321
SCN10A	Q9Y5Y9	106
BACE2	Q9Y5Z0	485
IRAK3	Q9Y616	25
SLC22A7	Q9Y694	2
CACNG2	Q9Y698	1
STK24	Q9Y6E0	16
PARP3	Q9Y6F1	97
CDY1B	Q9Y6F8	1
DNMT3A	Q9Y6K1	6
IKBKG	Q9Y6K9	19
SLCO1B1	Q9Y6L6	115
CSNK1G3	Q9Y6M4	14
NDUFB9	Q9Y6M9	4
MAP3K4	Q9Y6R4	18
DUSP10	Q9Y6W6	2
CACNA1A	O00555	   8
CES2	O00748	 122
AURKA	O14965	2595
EPHB6	O15197	  44
BIRC5	O15392	  27
ECE2	O60344	   6
FADS1	O60427	  28
GUCY1B2	O75343	  38
KDM4B	O94953	  51
SLCO2B1	O94956	  13
ESRRB	O95718	  33
ADH1B	P00325	   9
F13A1	P00488	  96
C1R	P00736	  23
PLAU	P00749	 899
TGFB1	P01137	   7
NPPA	P01160	  12
KLKB1	P03952	 230
APOB	P04114	  49
HLA-DRB1	P04229	  39
ITGB2	P05107	 433
CYP1A2	P05177	 660
HEXB	P07686	  30
NR3C2	P08235	 883
ADRB1	P08588	1481
ADRA2A	P08913	 982
RARB	P10826	 321
PIM1	P11309	1030
CYP2A6	P11509	 140
FABP2	P12104	   7
SELL	P14151	  27
SELP	P16109	  69
GLB1	P16278	  10
MGMT	P16455	  45
TSHR	P16473	  20
ITGA2	P17301	  92
CEL	P19835	   7
IMPDH1	P20839	 149
DRD4	P21917	2446
FSHR	P23945	  60
TBXAS1	P24557	 836
HTR2C	P28335	3322
CALCR	P30988	  15
SRD5A2	P31213	 356
HPD	P32754	  79
CYP2C19	P33261	 672
DRD3	P35462	4379
NUDT1	P36639	  27
F2RL1	P55085	  99
CALM3	P62158	   3
CSNK2B	P67874	  13
CDKL1	Q00532	   5
TRPC3	Q13507	  20
PPP1R1A	Q13522	   8
CACNA1C	Q13936	 208
GCKR	Q14397	 120
KCNJ11	Q14654	 371
NR1D2	Q14995	   3
CALCRL	Q16602	 735
CYP51A1	Q16850	  21
NCEH1	Q6PIU2	  22
PAOX	Q6QHF9	   9
KDM1B	Q8NB78	   4
DOT1L	Q8TEK3	  49
CDK15	Q96Q40	  16
DDO	Q99489	   8
PLA2G2F	Q9BZM2	  14
NUAK2	Q9H093	  32
GBA3	Q9H227	   1
BCL2L10	Q9HD36	   2
KMT5A	Q9NQR1	  12
XPNPEP1	Q9NQW7	   2
TPSG1	Q9NRR2	 215
EPHA6	Q9UF33	  36
KCNN3	Q9UGI6	  21
DNPEP	Q9ULA0	   4
ATAD2B	Q9ULI0	   1
GABRQ	Q9UN88	 377
NEU3	Q9UQ49	   5
PIN4	Q9Y237	   1
PTPN22	Q9Y2R2	 109
AXIN2	Q9Y2T1	   4
KLK4	Q9Y5K2	  11
NCOR2	Q9Y618	 109
